{
  "mma_throughput_per_sm_per_clock": {
    "fp32": 1586.4223152645393,
    "fp16": 3172.8446305290786,
    "bf16": 3172.8446305290786,
    "fp8": 6345.689261058157,
    "fp4": 12691.378522116314
  },
  "operand_collector_efficiency": 0.9436807361725201,
  "l1_miss_rate": 0.09255035962029354,
  "l2_miss_rate": 0.3071915546672825,
  "hbm_row_buffer_hit_rate": 0.65
}