{
  "status": "refuted",
  "status_reason": "Improved predictor fails at least one useful-improvement threshold.",
  "hypothesis_id": "fa4-b200-improved-launch-overhead-ncu-calibration-v1",
  "precisions_tested": [
    "bf16",
    "fp16",
    "fp8"
  ],
  "precisions_skipped": [
    "fp4"
  ],
  "config_counts": {
    "generated": 540,
    "calibration": 105,
    "validation": 105,
    "query": 330,
    "ok": 540,
    "oom": 0,
    "error": 0,
    "ok_calibration": 105,
    "ok_validation": 105,
    "ok_query": 330,
    "ncu_profiled": 60,
    "ncu_ok": 60,
    "ncu_error": 0
  },
  "calibration_params": {
    "hbm_factor": 3.0,
    "l2_factor": 1.5,
    "smem_factor": 0.9,
    "tma_factor": 3.0,
    "mma_efficiency": 1.75,
    "mufu_efficiency": 1.1,
    "fp8_mma_boost": 1.5,
    "launch_fixed_us": 60.0,
    "launch_per_tile_us": 0.0,
    "small_overhead_us": 0.0,
    "small_seqlen_threshold": 2048
  },
  "validation_metrics": {
    "baseline_mape": 55.64357557358759,
    "improved_mape": 12.621659832731694,
    "delta_mape_pp": 43.021915740855896,
    "max_ape": 74.92812013573487,
    "pct_within_30": 93.33333333333333,
    "bottleneck_accuracy": 0.0,
    "ncu_bottleneck_accuracy": 60.0,
    "ncu_profiled_count": 10,
    "n_configs": 105,
    "per_model": {
      "baseline_fa4_roofline": {
        "mape": 55.64357557358759,
        "max_ape": 364.8441999680641,
        "pct_within_30": 46.666666666666664,
        "bottleneck_accuracy": 0.0,
        "n_configs": 105
      },
      "improved": {
        "mape": 12.621659832731694,
        "max_ape": 74.92812013573487,
        "pct_within_30": 93.33333333333333,
        "bottleneck_accuracy": 0.0,
        "n_configs": 105,
        "ncu_bottleneck_accuracy": 60.0,
        "ncu_profiled_count": 10
      }
    }
  },
  "query_metrics": {
    "baseline_mape": 43.12323317406717,
    "improved_mape": 10.008106134891227,
    "delta_mape_pp": 33.11512703917594,
    "max_ape": 59.913861813349186,
    "pct_within_30": 96.36363636363636,
    "bottleneck_accuracy": 0.0,
    "ncu_bottleneck_accuracy": 74.28571428571429,
    "ncu_profiled_count": 35,
    "n_configs": 330,
    "per_model": {
      "baseline_fa4_roofline": {
        "mape": 43.12323317406717,
        "max_ape": 281.39327129644573,
        "pct_within_30": 52.72727272727273,
        "bottleneck_accuracy": 0.0,
        "n_configs": 330
      },
      "improved": {
        "mape": 10.008106134891227,
        "max_ape": 59.913861813349186,
        "pct_within_30": 96.36363636363636,
        "bottleneck_accuracy": 0.0,
        "n_configs": 330,
        "ncu_bottleneck_accuracy": 74.28571428571429,
        "ncu_profiled_count": 35
      }
    }
  },
  "environment": {
    "device_name": "NVIDIA B200",
    "cuda_version": "13.0",
    "torch_version": "2.12.1+cu130"
  },
  "caveats": [
    "fp4 precision is not supported by the installed FA4 build and was skipped.",
    "Bottleneck accuracy uses NCU SpeedOfLight compute/memory labels on a profiled subset; unprofiled configs are excluded from that metric."
  ]
}